order_id,customer_id,order_date,status,total_amount,shipped_date,required_date,order_processing_time
5323,01JSX07TE3189TJ266CN288JFM,2022-01-01,Shipped,64.21,2022-01-02,2022-01-02,24
5129,01JSX07TMBPNT1G7J11BDCKJMN,2022-01-03,Pending,110.16,,2022-01-09,
5238,01JSX07TWH7866KFZPV13WKK9T,2022-01-08,Shipped,189.99,2022-01-15,2022-01-12,168
5232,01JSX07TJHG5HTX1P366XWZRWS,2022-01-08,Shipped,485.02,2022-01-14,2022-01-10,144
5209,01JSX07TSSXG6NXBSWKEWY5DYZ,2022-01-13,Pending,446.39,,2022-01-15,
5347,01JSX07TQ9H793KVC509ETX6QK,2022-01-16,Shipped,147.15,2022-01-26,2022-01-24,240
5341,01JSX07TDZFSAAZQS5MQMCTVX6,2022-01-26,Shipped,15.24,2022-01-30,2022-01-30,96
5426,01JSX07TQB7XCCSBGHT9VJQ6AN,2022-01-27,Shipped,77.16,2022-02-02,2022-02-02,144
5155,01JSX07TTTXNGMSFTV0Y9Y8RTB,2022-01-28,Shipped,258.7,2022-01-29,2022-01-29,24
5359,01JSX07TRJ4DJHHA4ZVN6HA2SG,2022-01-29,Pending,495.57,,2022-02-03,
5253,01JSX07TPNNPDTCGF9D8WHP439,2022-01-30,Shipped,473.27,2022-02-02,2022-02-02,72
5092,01JSX07TSPARG8PQ9E95CVNXRM,2022-02-03,Pending,78.45,,2022-02-08,
5402,01JSX07TNFENCK1J4SPJTNK6PS,2022-02-05,Pending,379.12,,2022-02-12,
5278,01JSX07TPV0PY4QSHVX8AS1MTW,2022-02-07,Pending,293.29,,2022-02-15,
5459,01JSX07TTW1KV4WDAKQ0P70AF5,2022-02-10,Shipped,107.26,2022-02-12,2022-02-12,48
5180,01JSX07TKQ1MDPYJRBX6N5R5EB,2022-02-10,Shipped,103.97,2022-02-19,2022-02-17,216
5206,01JSX07TDVTCJKFJKC1XD25GC0,2022-02-14,Shipped,469.14,2022-02-18,2022-02-18,96
5384,01JSX07TE53XDYN6DB3EGVNT9G,2022-02-16,Shipped,377.56,2022-02-18,2022-02-18,48
5248,01JSX07TQ32KEBQ5PM1STY17N4,2022-02-16,Pending,340.33,,2022-02-22,
5290,01JSX07TWMDNZMBWT5ZYWXVCHT,2022-02-22,Shipped,202.71,2022-03-03,2022-02-27,216
5073,01JSX07TSZK9NACCCXJWZZAAPN,2022-02-28,Shipped,287.57,2022-03-04,2022-03-04,96
5024,01JSX07TESVDKHQWQWRD5HT6N5,2022-02-28,Shipped,492.73,2022-03-09,2022-03-03,216
5203,01JSX07THFACX9V01ARH09974T,2022-03-01,Shipped,354.16,2022-03-07,2022-03-06,144
5498,01JSX07TGYZM0BAA6DYGZSKAK8,2022-03-05,Pending,11.99,,2022-03-11,
5247,01JSX07TWVGEBSVBPPEGM2Y52S,2022-03-06,Shipped,149.47,2022-03-15,2022-03-11,216
5356,01JSX07TNKEG8BGA0B4C3PTCDC,2022-03-07,Pending,93.48,,2022-03-10,
5289,01JSX07TDBR41PWX1D275SEBF2,2022-03-09,Shipped,470.68,2022-03-10,2022-03-10,24
5458,01JSX07TSVQQ2C83218FXKM965,2022-03-11,Shipped,68.21,2022-03-21,2022-03-16,240
5307,01JSX07TPV0PY4QSHVX8AS1MTW,2022-03-13,Shipped,50.65,2022-03-16,2022-03-16,72
5457,01JSX07TE3189TJ266CN288JFM,2022-03-14,Pending,225.73,,2022-03-19,
5182,01JSX07TP50SJ7CA40ZXVWAKH2,2022-03-14,Shipped,271.72,2022-03-16,2022-03-16,48
5418,01JSX07TWD26QGAW8MS7YR9J69,2022-03-18,Shipped,273.46,2022-03-27,2022-03-26,216
5011,01JSX07TESVDKHQWQWRD5HT6N5,2022-03-19,Shipped,14.3,2022-03-29,2022-03-22,240
5477,01JSX07TJ9WG4MS95MR1PJ6F81,2022-03-20,Shipped,366.42,2022-03-23,2022-03-23,72
5125,01JSX07TNSTFTY24QX8PVEC173,2022-03-21,Shipped,368.78,2022-03-24,2022-03-24,72
5404,01JSX07TJM7C9S9337SQVHAP3J,2022-03-25,Shipped,285.79,2022-03-31,2022-03-31,144
5489,01JSX07TQ32KEBQ5PM1STY17N4,2022-04-01,Shipped,388.07,2022-04-07,2022-04-03,144
5039,01JSX07TJ13VZMVXJM55K1AMND,2022-04-01,Shipped,451.64,2022-04-03,2022-04-03,48
5213,01JSX07TJ13VZMVXJM55K1AMND,2022-04-03,Shipped,151.03,2022-04-12,2022-04-10,216
5221,01JSX07TP1PPJEY6FQ0XM2J8MH,2022-04-03,Shipped,193.24,2022-04-13,2022-04-07,240
5053,01JSX07TSPARG8PQ9E95CVNXRM,2022-04-04,Shipped,273.83,2022-04-09,2022-04-07,120
5050,01JSX07TPHK6TYZ8W42KVTP4VJ,2022-04-09,Shipped,418.17,2022-04-16,2022-04-15,168
5369,01JSX07TDZFSAAZQS5MQMCTVX6,2022-04-12,Pending,169.55,,2022-04-14,
5160,01JSX07TT26QR7XP8Y2ZC6V17N,2022-04-16,Pending,232.2,,2022-04-24,
5325,01JSX07TRSMSVETJAWRB1KTX27,2022-04-17,Shipped,456.89,2022-04-20,2022-04-20,72
5410,01JSX07TJYF22MTY8EFTF9B1YX,2022-04-17,Shipped,169.24,2022-04-24,2022-04-21,168
5084,01JSX07TSX1WKGWTD3GTTR7RK5,2022-04-20,Shipped,18.16,2022-04-22,2022-04-22,48
5185,01JSX07TF2T614P4V8C7P5N1NX,2022-04-20,Pending,311.44,,2022-04-28,
5113,01JSX07TKXZ66R84PM2XE15D2D,2022-04-21,Shipped,96.15,2022-04-23,2022-04-23,48
5176,01JSX07TS60CV44A8ST8VJTCDY,2022-04-22,Shipped,338.48,2022-04-29,2022-04-29,168
5204,01JSX07TTD7PR813VJAEARXV7R,2022-04-24,Shipped,433.48,2022-04-30,2022-04-28,144
5266,01JSX07TGNSHZMF9TCTSZHNKXN,2022-04-25,Pending,108.82,,2022-04-27,
5153,01JSX07TE9PE3WNDJRTT10HCAN,2022-04-25,Pending,147.78,,2022-04-27,
5194,01JSX07TSCG9YYQYFJ9NXY8604,2022-04-26,Pending,80.55,,2022-05-02,
5062,01JSX07TJM7C9S9337SQVHAP3J,2022-04-29,Shipped,334.87,2022-05-09,2022-05-07,240
5052,01JSX07TNBFY799ZWF3GRGMYDT,2022-05-05,Pending,32.63,,2022-05-10,
5473,01JSX07TQ9H793KVC509ETX6QK,2022-05-14,Pending,33.39,,2022-05-20,
5036,01JSX07TPQ97WQ5CX1AH8HFP3B,2022-05-19,Shipped,90.67,2022-05-29,2022-05-27,240
5010,01JSX07TWSVJXJGNXAES77EXTB,2022-05-22,Pending,99.61,,2022-05-25,
5273,01JSX07TWA3P3XD38AK0B8AK6M,2022-05-22,Pending,480.54,,2022-05-27,
5172,01JSX07THVR87J8MH4A9PN254J,2022-05-23,Pending,461.48,,2022-05-28,
5480,01JSX07TDY00TVRBYEA2J3FB8M,2022-05-23,Shipped,413.69,2022-05-29,2022-05-28,144
5423,01JSX07TPQ97WQ5CX1AH8HFP3B,2022-05-25,Shipped,341.49,2022-05-30,2022-05-30,120
5064,01JSX07TWD26QGAW8MS7YR9J69,2022-05-26,Shipped,362.27,2022-05-28,2022-05-28,48
5429,01JSX07TSAXPZHNK0B8FYK2EKE,2022-05-28,Shipped,289.55,2022-06-01,2022-05-31,96
5218,01JSX07TT9S409E17Q4D4PWW4K,2022-05-29,Shipped,255.55,2022-06-07,2022-06-04,216
5183,01JSX07TSX1WKGWTD3GTTR7RK5,2022-06-01,Pending,498.28,,2022-06-08,
5327,01JSX07TJHG5HTX1P366XWZRWS,2022-06-02,Shipped,432.11,2022-06-09,2022-06-05,168
5350,01JSX07TKS1SNX4P9WMYY8Z84V,2022-06-05,Pending,208.74,,2022-06-10,
5229,01JSX07TTD7PR813VJAEARXV7R,2022-06-05,Pending,76.37,,2022-06-07,
5120,01JSX07THX9Z8T71QC0JCHQAK5,2022-06-16,Shipped,405.04,2022-06-19,2022-06-19,72
5047,01JSX07TF0F2CBMRQ0S6NMZ6BT,2022-06-18,Pending,337.63,,2022-06-24,
5358,01JSX07TF2T614P4V8C7P5N1NX,2022-06-20,Pending,321.69,,2022-06-23,
5146,01JSX07TMNSSSPRK262R9HEZJD,2022-06-23,Shipped,262.68,2022-06-27,2022-06-26,96
5027,01JSX07TQ6WS2XKYH7369EN49E,2022-06-23,Shipped,235.59,2022-07-01,2022-06-27,192
5034,01JSX07TEPA0ZXGRXVZBJ9BFVY,2022-06-23,Pending,57.53,,2022-06-27,
5461,01JSX07TV3FY8B26JS94WD6G2G,2022-06-23,Shipped,166.77,2022-06-28,2022-06-27,120
5199,01JSX07TNNEBSHBGK1TP6AXSV1,2022-06-25,Pending,99.61,,2022-07-01,
5372,01JSX07TNHVKXAZE8Y0G5MDZYY,2022-06-25,Shipped,280.7,2022-06-30,2022-06-30,120
5123,01JSX07TEZ33282V3SHKYXF1A7,2022-06-26,Shipped,262.67,2022-06-28,2022-06-28,48
5099,01JSX07TQ32KEBQ5PM1STY17N4,2022-06-28,Shipped,65.29,2022-07-08,2022-07-05,240
5065,01JSX07TW6KDGSC5N6BF3Y68M9,2022-06-30,Shipped,52.31,2022-07-07,2022-07-06,168
5367,01JSX07THB3D9GEMGWM6B2B1FV,2022-07-05,Pending,112.2,,2022-07-13,
5162,01JSX07TRQ17E36577RSNNAR6M,2022-07-05,Pending,390.5,,2022-07-13,
5223,01JSX07TJKP32GSK8F95KNP6TH,2022-07-06,Shipped,218.64,2022-07-07,2022-07-07,24
5088,01JSX07TPBWYQJ849V8TNDPPPM,2022-07-08,Pending,357.99,,2022-07-14,
5243,01JSX07TPZSYS2S3A236656S2B,2022-07-08,Shipped,443.9,2022-07-16,2022-07-14,192
5333,01JSX07TNSTFTY24QX8PVEC173,2022-07-08,Shipped,464.13,2022-07-18,2022-07-12,240
5298,01JSX07TP50SJ7CA40ZXVWAKH2,2022-07-08,Shipped,407.37,2022-07-18,2022-07-13,240
5342,01JSX07TN7EK9H8P7K8Z25BT9V,2022-07-10,Pending,47.1,,2022-07-14,
5163,01JSX07TRQ17E36577RSNNAR6M,2022-07-11,Shipped,226.44,2022-07-12,2022-07-12,24
5306,01JSX07TJKP32GSK8F95KNP6TH,2022-07-13,Pending,50.23,,2022-07-19,
5168,01JSX07TE9PE3WNDJRTT10HCAN,2022-07-16,Shipped,489.12,2022-07-18,2022-07-18,48
5134,01JSX07TRV8SS4DDEP5FA4JXT3,2022-07-16,Shipped,147.15,2022-07-25,2022-07-24,216
5286,01JSX07TGNSHZMF9TCTSZHNKXN,2022-07-16,Pending,48.53,,2022-07-21,
5285,01JSX07TJKP32GSK8F95KNP6TH,2022-07-22,Shipped,152.11,2022-07-24,2022-07-24,48
5096,01JSX07TTQWKSCJJNQJ3EC83BN,2022-07-29,Pending,476.46,,2022-08-05,
5210,01JSX07TK8SEKVPHDZHA77H872,2022-07-30,Pending,256.46,,2022-08-06,
5231,01JSX07TMKDWJYPJ40H7QQ17HF,2022-08-01,Shipped,296.92,2022-08-08,2022-08-07,168
5189,01JSX07TDY00TVRBYEA2J3FB8M,2022-08-04,Pending,14.76,,2022-08-12,
5157,01JSX07TKQ1MDPYJRBX6N5R5EB,2022-08-04,Shipped,67.37,2022-08-13,2022-08-11,216
5250,01JSX07TS01RVS05QHF5BGYZ7D,2022-08-07,Shipped,349.55,2022-08-08,2022-08-08,24
5116,01JSX07TJYF22MTY8EFTF9B1YX,2022-08-15,Shipped,447.51,2022-08-24,2022-08-18,216
5430,01JSX07TPSZ9QJAFDA1NFYSP3M,2022-08-21,Pending,316.21,,2022-08-28,
5166,01JSX07TESVDKHQWQWRD5HT6N5,2022-08-24,Shipped,157.23,2022-08-27,2022-08-27,72
5455,01JSX07TP1PPJEY6FQ0XM2J8MH,2022-08-24,Shipped,146.93,2022-08-26,2022-08-26,48
5226,01JSX07TWMDNZMBWT5ZYWXVCHT,2022-08-28,Pending,469.21,,2022-08-30,
5335,01JSX07TKVKM6443VT7BJSNFH5,2022-08-28,Shipped,434.54,2022-09-05,2022-09-03,192
5147,01JSX07TRNZ36SA53RR5DVPPZB,2022-08-30,Shipped,432.31,2022-09-02,2022-09-02,72
5276,01JSX07TQ6WS2XKYH7369EN49E,2022-08-31,Shipped,134.57,2022-09-03,2022-09-03,72
5475,01JSX07TVQ979AZXPVCJVX5FKG,2022-09-08,Shipped,33.82,2022-09-17,2022-09-10,216
5388,01JSX07TQ9H793KVC509ETX6QK,2022-09-10,Shipped,285.08,2022-09-13,2022-09-13,72
5192,01JSX07TPNNPDTCGF9D8WHP439,2022-09-16,Pending,417.13,,2022-09-20,
5453,01JSX07TGYZM0BAA6DYGZSKAK8,2022-09-20,Shipped,202.25,2022-09-22,2022-09-22,48
5337,01JSX07TN7EK9H8P7K8Z25BT9V,2022-09-24,Shipped,304.08,2022-10-01,2022-10-01,168
5399,01JSX07TVSP9R4MTZ0R754N37Q,2022-09-26,Shipped,477.58,2022-10-02,2022-10-02,144
5220,01JSX07TJKP32GSK8F95KNP6TH,2022-09-29,Pending,262.57,,2022-10-03,
5089,01JSX07TEDE1ZZZPDM23318R2K,2022-09-30,Pending,293.22,,2022-10-02,
5126,01JSX07TVSP9R4MTZ0R754N37Q,2022-09-30,Shipped,109.06,2022-10-06,2022-10-03,144
5071,01JSX07TJ7RA2FMQW74905CGA8,2022-10-01,Pending,395.32,,2022-10-03,
5316,01JSX07TQRHHYE9NZ0GNKHRJH2,2022-10-03,Shipped,26.05,2022-10-10,2022-10-10,168
5093,01JSX07TGYZM0BAA6DYGZSKAK8,2022-10-04,Shipped,348.76,2022-10-08,2022-10-08,96
5364,01JSX07TKS1SNX4P9WMYY8Z84V,2022-10-05,Pending,440.23,,2022-10-10,
5406,01JSX07TQRHHYE9NZ0GNKHRJH2,2022-10-05,Pending,327.1,,2022-10-10,
5407,01JSX07TJ13VZMVXJM55K1AMND,2022-10-06,Shipped,115.03,2022-10-07,2022-10-07,24
5009,01JSX07TV96B5J4MT7QBZAD992,2022-10-06,Shipped,404.32,2022-10-09,2022-10-08,72
5098,01JSX07TQG4QQFCYETP92HBKQZ,2022-10-07,Shipped,286.67,2022-10-13,2022-10-10,144
5396,01JSX07TKVKM6443VT7BJSNFH5,2022-10-10,Shipped,265.45,2022-10-15,2022-10-13,120
5152,01JSX07TWSVJXJGNXAES77EXTB,2022-10-11,Pending,448.9,,2022-10-16,
5411,01JSX07TE53XDYN6DB3EGVNT9G,2022-10-11,Pending,188.61,,2022-10-16,
5344,01JSX07TJKP32GSK8F95KNP6TH,2022-10-15,Pending,370.44,,2022-10-19,
5186,01JSX07TEKFNTCCABE2D2YREQB,2022-10-16,Pending,247.75,,2022-10-21,
5135,01JSX07TEDE1ZZZPDM23318R2K,2022-10-21,Shipped,91.57,2022-10-23,2022-10-23,48
5095,01JSX07TGVZV5WR4CTDRBKFT1H,2022-10-24,Shipped,412.72,2022-10-26,2022-10-26,48
5412,01JSX07TMHCSG3XH26B2F258CP,2022-10-27,Pending,337.15,,2022-10-31,
5414,01JSX07TH0VKZMEKR8SXQ8R5TA,2022-10-28,Pending,247.84,,2022-10-30,
5262,01JSX07TKVKM6443VT7BJSNFH5,2022-10-29,Pending,62.6,,2022-11-05,
5336,01JSX07TS85J73E57GD23NR4T4,2022-10-30,Shipped,228.02,2022-11-08,2022-11-03,216
5056,01JSX07TH42EAXGHPAMBFVFB2Q,2022-10-30,Shipped,217.65,2022-11-06,2022-11-03,168
5476,01JSX07TMZDSC992A2MMT3RDVH,2022-10-30,Shipped,256.26,2022-11-04,2022-11-02,120
5310,01JSX07TJYF22MTY8EFTF9B1YX,2022-10-30,Shipped,146.28,2022-11-03,2022-11-03,96
5365,01JSX07TDY00TVRBYEA2J3FB8M,2022-10-31,Shipped,479.53,2022-11-01,2022-11-01,24
5485,01JSX07TEZ33282V3SHKYXF1A7,2022-10-31,Shipped,57.48,2022-11-02,2022-11-02,48
5159,01JSX07TKJSYZBTCX4N39N8CM9,2022-11-04,Shipped,198.27,2022-11-09,2022-11-09,120
5294,01JSX07TSSXG6NXBSWKEWY5DYZ,2022-11-04,Pending,307.47,,2022-11-07,
5376,01JSX07TSEN1FST6PBMY66WZ2C,2022-11-04,Shipped,176.6,2022-11-13,2022-11-07,216
5377,01JSX07TPHK6TYZ8W42KVTP4VJ,2022-11-05,Shipped,163.88,2022-11-13,2022-11-07,192
5150,01JSX07TKVKM6443VT7BJSNFH5,2022-11-06,Pending,384.29,,2022-11-10,
5415,01JSX07TTFWCFJVXEMPJ0P26G7,2022-11-07,Pending,38.12,,2022-11-11,
5040,01JSX07TF0F2CBMRQ0S6NMZ6BT,2022-11-09,Shipped,202.49,2022-11-19,2022-11-14,240
5305,01JSX07TRCJJK4V4WC7MDP8CZG,2022-11-16,Shipped,159.43,2022-11-19,2022-11-19,72
5397,01JSX07TJYF22MTY8EFTF9B1YX,2022-11-19,Shipped,131.51,2022-11-24,2022-11-24,120
5246,01JSX07TEZ33282V3SHKYXF1A7,2022-11-20,Shipped,94.25,2022-11-26,2022-11-23,144
5078,01JSX07TPXKKQBHH27C201S9Q0,2022-11-21,Pending,168.87,,2022-11-26,
5499,01JSX07TQ9H793KVC509ETX6QK,2022-11-23,Shipped,462.71,2022-12-01,2022-11-26,192
5274,01JSX07TJFW878TAM43HR8WGVP,2022-11-24,Shipped,466.93,2022-11-25,2022-11-25,24
5259,01JSX07TQB7XCCSBGHT9VJQ6AN,2022-11-25,Shipped,92.61,2022-11-27,2022-11-27,48
5355,01JSX07TW2KGDWBF90T9R6XY0Z,2022-11-29,Shipped,340.05,2022-12-02,2022-12-02,72
5028,01JSX07TTTXNGMSFTV0Y9Y8RTB,2022-12-01,Shipped,106.14,2022-12-08,2022-12-03,168
5004,01JSX07THZ1X5FNV3SPBK14D36,2022-12-02,Shipped,200.04,2022-12-06,2022-12-06,96
5284,01JSX07TP1PPJEY6FQ0XM2J8MH,2022-12-05,Pending,229.57,,2022-12-12,
5398,01JSX07TEDE1ZZZPDM23318R2K,2022-12-10,Pending,165.69,,2022-12-15,
5495,01JSX07TMQ6Z3E1QZ77QTGMCJE,2022-12-11,Shipped,472.18,2022-12-15,2022-12-15,96
5057,01JSX07TNZTG15MXVPPSSH1VXG,2022-12-12,Pending,152.81,,2022-12-14,
5420,01JSX07TPBWYQJ849V8TNDPPPM,2022-12-12,Shipped,225.63,2022-12-16,2022-12-16,96
5486,01JSX07TKZ4F8AYMJNWBNDK9X1,2022-12-16,Pending,409.11,,2022-12-23,
5483,01JSX07THD0S7E1M9517E0QBM9,2022-12-25,Shipped,200.13,2022-12-30,2022-12-30,120
5196,01JSX07THZ1X5FNV3SPBK14D36,2022-12-28,Pending,277.81,,2022-12-31,
5169,01JSX07TPXKKQBHH27C201S9Q0,2022-12-28,Pending,122.45,,2023-01-04,
5254,01JSX07TV1GTDMC5S41VHRK1P5,2022-12-30,Pending,90.51,,2023-01-02,
5275,01JSX07TV96B5J4MT7QBZAD992,2022-12-31,Shipped,390.07,2023-01-02,2023-01-02,48
5271,01JSX07TSSXG6NXBSWKEWY5DYZ,2023-01-01,Pending,125.17,,2023-01-05,
5008,01JSX07TE3189TJ266CN288JFM,2023-01-02,Pending,341.69,,2023-01-06,
5291,01JSX07TW8ZZZ0T8XFVJJVMV00,2023-01-02,Shipped,316.82,2023-01-08,2023-01-04,144
5340,01JSX07TPBWYQJ849V8TNDPPPM,2023-01-05,Shipped,465.23,2023-01-06,2023-01-06,24
5375,01JSX07TEDE1ZZZPDM23318R2K,2023-01-07,Shipped,332.69,2023-01-12,2023-01-12,120
5230,01JSX07TNXHW5HP91PY6T34Q97,2023-01-07,Shipped,332.54,2023-01-14,2023-01-13,168
5421,01JSX07TEKFNTCCABE2D2YREQB,2023-01-09,Pending,115.63,,2023-01-13,
5018,01JSX07TH6DKA2GP3NN99GW05V,2023-01-10,Shipped,303.91,2023-01-12,2023-01-12,48
5060,01JSX07TPDQDMZHQS95JJ8RVNW,2023-01-17,Shipped,142.16,2023-01-20,2023-01-20,72
5142,01JSX07TV1GTDMC5S41VHRK1P5,2023-01-18,Shipped,373.38,2023-01-26,2023-01-24,192
5177,01JSX07TN7EK9H8P7K8Z25BT9V,2023-01-21,Pending,190.62,,2023-01-26,
5482,01JSX07TP50SJ7CA40ZXVWAKH2,2023-01-24,Shipped,51.16,2023-01-31,2023-01-30,168
5292,01JSX07TJ9WG4MS95MR1PJ6F81,2023-01-29,Pending,196.12,,2023-02-05,
5077,01JSX07TTTXNGMSFTV0Y9Y8RTB,2023-02-04,Shipped,64.8,2023-02-14,2023-02-10,240
5031,01JSX07TEZ33282V3SHKYXF1A7,2023-02-12,Shipped,442.15,2023-02-21,2023-02-17,216
5021,01JSX07TMZDSC992A2MMT3RDVH,2023-02-14,Pending,386.29,,2023-02-17,
5379,01JSX07TTFWCFJVXEMPJ0P26G7,2023-02-15,Pending,378.28,,2023-02-21,
5427,01JSX07TH6DKA2GP3NN99GW05V,2023-02-17,Pending,327.2,,2023-02-21,
5370,01JSX07TNFENCK1J4SPJTNK6PS,2023-02-18,Shipped,406.54,2023-02-20,2023-02-20,48
5360,01JSX07TF0F2CBMRQ0S6NMZ6BT,2023-02-21,Shipped,114.73,2023-03-03,2023-02-27,240
5236,01JSX07TMBPNT1G7J11BDCKJMN,2023-02-24,Pending,348.07,,2023-03-03,
5171,01JSX07TJKP32GSK8F95KNP6TH,2023-03-03,Pending,206.04,,2023-03-07,
5132,01JSX07TPDQDMZHQS95JJ8RVNW,2023-03-04,Pending,430.22,,2023-03-10,
5297,01JSX07TSZK9NACCCXJWZZAAPN,2023-03-05,Shipped,435.52,2023-03-13,2023-03-11,192
5260,01JSX07TJHG5HTX1P366XWZRWS,2023-03-07,Pending,214.76,,2023-03-10,
5437,01JSX07TQJAS45XRJCZ7DSN4XX,2023-03-07,Shipped,290.32,2023-03-14,2023-03-12,168
5091,01JSX07TSPARG8PQ9E95CVNXRM,2023-03-08,Pending,249.7,,2023-03-11,
5352,01JSX07THZ1X5FNV3SPBK14D36,2023-03-10,Shipped,374.87,2023-03-15,2023-03-15,120
5033,01JSX07TEZ33282V3SHKYXF1A7,2023-03-13,Pending,219.74,,2023-03-15,
5362,01JSX07THB3D9GEMGWM6B2B1FV,2023-03-18,Shipped,26.62,2023-03-25,2023-03-21,168
5345,01JSX07TPV0PY4QSHVX8AS1MTW,2023-03-19,Shipped,39.44,2023-03-24,2023-03-22,120
5373,01JSX07TV3FY8B26JS94WD6G2G,2023-03-20,Shipped,241.67,2023-03-23,2023-03-22,72
5255,01JSX07TEZ33282V3SHKYXF1A7,2023-03-21,Shipped,108.05,2023-03-23,2023-03-23,48
5436,01JSX07TJTSQ5J7PHZ5PC38913,2023-03-23,Shipped,423.64,2023-03-29,2023-03-25,144
5054,01JSX07THD0S7E1M9517E0QBM9,2023-03-24,Shipped,226.94,2023-04-01,2023-03-29,192
5387,01JSX07TKE5BYGXWC2GF67KTSA,2023-03-26,Shipped,26.19,2023-04-04,2023-03-30,216
5490,01JSX07THKSMAZ14BH33M1NMCK,2023-03-26,Shipped,476.41,2023-03-30,2023-03-30,96
5339,01JSX07TMHCSG3XH26B2F258CP,2023-03-27,Shipped,17.33,2023-04-02,2023-04-02,144
5080,01JSX07TKS1SNX4P9WMYY8Z84V,2023-03-27,Shipped,158.03,2023-03-30,2023-03-29,72
5258,01JSX07TV1GTDMC5S41VHRK1P5,2023-03-30,Shipped,65.3,2023-04-06,2023-04-06,168
5445,01JSX07TPXKKQBHH27C201S9Q0,2023-04-06,Shipped,413.61,2023-04-15,2023-04-09,216
5037,01JSX07TGYZM0BAA6DYGZSKAK8,2023-04-08,Shipped,318.84,2023-04-16,2023-04-14,192
5106,01JSX07TF2T614P4V8C7P5N1NX,2023-04-10,Shipped,478.62,2023-04-16,2023-04-16,144
5295,01JSX07THH0QZ47VP7Y7XBDWCK,2023-04-10,Shipped,496.98,2023-04-15,2023-04-12,120
5474,01JSX07TE738XFDWC21WYGA67V,2023-04-13,Shipped,234.04,2023-04-23,2023-04-15,240
5114,01JSX07TTQWKSCJJNQJ3EC83BN,2023-04-16,Shipped,98.66,2023-04-18,2023-04-18,48
5128,01JSX07TVCNW0RRJWY686D4ZFS,2023-04-21,Pending,487.18,,2023-04-29,
5015,01JSX07TVNV83QWC5R6EK9FSJ7,2023-04-28,Shipped,10.75,2023-05-04,2023-05-02,144
5127,01JSX07TDBR41PWX1D275SEBF2,2023-04-28,Pending,238.31,,2023-05-02,
5201,01JSX07TPBWYQJ849V8TNDPPPM,2023-04-28,Shipped,391.71,2023-05-06,2023-05-06,192
5462,01JSX07TQ6WS2XKYH7369EN49E,2023-04-28,Pending,403.14,,2023-04-30,
5264,01JSX07TKCSSA31X019WGDBDH4,2023-05-02,Shipped,325.36,2023-05-10,2023-05-05,192
5017,01JSX07TVXX40MKJFWGP2V3YM2,2023-05-02,Shipped,460.66,2023-05-09,2023-05-09,168
5214,01JSX07TRAZ3CJEN9WPKM6F8ZD,2023-05-04,Shipped,20.4,2023-05-05,2023-05-05,24
5424,01JSX07TJ3MWGDQ3YV7ENGMZKB,2023-05-04,Pending,195.18,,2023-05-07,
5200,01JSX07TRXKD11807HMQ2EYJ3E,2023-05-04,Shipped,383,2023-05-09,2023-05-08,120
5296,01JSX07TWMDNZMBWT5ZYWXVCHT,2023-05-12,Shipped,416.65,2023-05-20,2023-05-16,192
5079,01JSX07TQ9H793KVC509ETX6QK,2023-05-14,Shipped,157.75,2023-05-20,2023-05-18,144
5491,01JSX07TKGEDRTAK28TTKMQR9P,2023-05-14,Shipped,385.85,2023-05-20,2023-05-18,144
5389,01JSX07THH0QZ47VP7Y7XBDWCK,2023-05-14,Shipped,468.27,2023-05-15,2023-05-15,24
5419,01JSX07TNFENCK1J4SPJTNK6PS,2023-05-15,Pending,493.84,,2023-05-22,
5239,01JSX07THQTP54G906H1YZAETT,2023-05-16,Shipped,21.74,2023-05-25,2023-05-20,216
5301,01JSX07TEPA0ZXGRXVZBJ9BFVY,2023-05-20,Shipped,322.76,2023-05-30,2023-05-22,240
5484,01JSX07TMZDSC992A2MMT3RDVH,2023-05-21,Shipped,66.17,2023-05-23,2023-05-23,48
5456,01JSX07TVXX40MKJFWGP2V3YM2,2023-05-22,Shipped,99.3,2023-06-01,2023-05-28,240
5371,01JSX07TDBR41PWX1D275SEBF2,2023-05-24,Shipped,114.62,2023-05-27,2023-05-27,72
5103,01JSX07TQG4QQFCYETP92HBKQZ,2023-06-05,Pending,293.44,,2023-06-08,
5440,01JSX07TVJ80AQQ8MPMEGSG69K,2023-06-06,Pending,110.51,,2023-06-08,
5109,01JSX07TP9QGGQ5CQKPKPRBRGE,2023-06-06,Shipped,322.02,2023-06-07,2023-06-07,24
5395,01JSX07TEZ33282V3SHKYXF1A7,2023-06-09,Pending,47.16,,2023-06-16,
5030,01JSX07TSX1WKGWTD3GTTR7RK5,2023-06-10,Shipped,301.33,2023-06-19,2023-06-12,216
5051,01JSX07TGYZM0BAA6DYGZSKAK8,2023-06-11,Shipped,317.99,2023-06-19,2023-06-17,192
5245,01JSX07TNSTFTY24QX8PVEC173,2023-06-11,Shipped,308.09,2023-06-17,2023-06-14,144
5195,01JSX07TT4BS6VC3F99ATFBHJ6,2023-06-13,Pending,191.53,,2023-06-18,
5471,01JSX07TPK3K3FQWX3KN2DBYVW,2023-06-14,Pending,421.05,,2023-06-22,
5324,01JSX07TQ32KEBQ5PM1STY17N4,2023-06-18,Pending,379.47,,2023-06-21,
5066,01JSX07TJKP32GSK8F95KNP6TH,2023-06-19,Shipped,94.51,2023-06-28,2023-06-22,216
5143,01JSX07TF0F2CBMRQ0S6NMZ6BT,2023-06-19,Shipped,259.6,2023-06-26,2023-06-26,168
5122,01JSX07TKQ1MDPYJRBX6N5R5EB,2023-06-21,Shipped,333.22,2023-06-27,2023-06-24,144
5304,01JSX07TQB7XCCSBGHT9VJQ6AN,2023-06-21,Pending,389.8,,2023-06-24,
5302,01JSX07TS85J73E57GD23NR4T4,2023-06-23,Shipped,345.09,2023-07-01,2023-06-28,192
5403,01JSX07TNFENCK1J4SPJTNK6PS,2023-06-25,Shipped,57.87,2023-06-29,2023-06-29,96
5361,01JSX07THH0QZ47VP7Y7XBDWCK,2023-06-25,Shipped,417.91,2023-07-04,2023-06-28,216
5191,01JSX07TE53XDYN6DB3EGVNT9G,2023-06-27,Shipped,24.63,2023-06-29,2023-06-29,48
5170,01JSX07TRV8SS4DDEP5FA4JXT3,2023-06-28,Shipped,274.14,2023-07-07,2023-07-02,216
5207,01JSX07TREBVSPJMK2YJAPVP2P,2023-07-01,Pending,379.72,,2023-07-07,
5331,01JSX07TESVDKHQWQWRD5HT6N5,2023-07-03,Shipped,499.89,2023-07-07,2023-07-07,96
5428,01JSX07TJKP32GSK8F95KNP6TH,2023-07-05,Shipped,167.9,2023-07-07,2023-07-07,48
5385,01JSX07TDY00TVRBYEA2J3FB8M,2023-07-07,Shipped,306.43,2023-07-14,2023-07-12,168
5139,01JSX07THSNVBVK630RXKBTWM5,2023-07-11,Pending,351.52,,2023-07-18,
5329,01JSX07TDVTCJKFJKC1XD25GC0,2023-07-14,Shipped,306.35,2023-07-19,2023-07-19,120
5100,01JSX07TE9PE3WNDJRTT10HCAN,2023-07-26,Shipped,28.4,2023-07-29,2023-07-29,72
5154,01JSX07TQB7XCCSBGHT9VJQ6AN,2023-07-27,Shipped,12.06,2023-08-06,2023-08-04,240
5268,01JSX07TMQ6Z3E1QZ77QTGMCJE,2023-07-28,Shipped,97.21,2023-08-05,2023-08-01,192
5208,01JSX07THNSFBSWMXD0FP2TRVM,2023-08-02,Shipped,358.92,2023-08-05,2023-08-05,72
5315,01JSX07TWD26QGAW8MS7YR9J69,2023-08-03,Shipped,337.07,2023-08-04,2023-08-04,24
5165,01JSX07TSSXG6NXBSWKEWY5DYZ,2023-08-04,Shipped,461.3,2023-08-08,2023-08-08,96
5104,01JSX07TRSMSVETJAWRB1KTX27,2023-08-09,Shipped,334.25,2023-08-15,2023-08-15,144
5094,01JSX07TESVDKHQWQWRD5HT6N5,2023-08-13,Shipped,448.51,2023-08-22,2023-08-16,216
5270,01JSX07TSX1WKGWTD3GTTR7RK5,2023-08-15,Pending,297.6,,2023-08-19,
5478,01JSX07TNQTABQ8FJ5VFKEPA2X,2023-08-16,Shipped,362.19,2023-08-20,2023-08-20,96
5225,01JSX07TP9QGGQ5CQKPKPRBRGE,2023-08-24,Pending,35.49,,2023-08-27,
5257,01JSX07TEKFNTCCABE2D2YREQB,2023-08-24,Shipped,85.07,2023-09-01,2023-08-31,192
5219,01JSX07TSKTCKPY01CP0S8P1YJ,2023-08-25,Shipped,316.35,2023-08-29,2023-08-29,96
5442,01JSX07TTTXNGMSFTV0Y9Y8RTB,2023-08-27,Pending,441.09,,2023-08-29,
5020,01JSX07TPK3K3FQWX3KN2DBYVW,2023-08-29,Shipped,381.74,2023-09-01,2023-09-01,72
5488,01JSX07TEDE1ZZZPDM23318R2K,2023-08-29,Shipped,363.72,2023-09-05,2023-09-05,168
5450,01JSX07TMVPW8TD427SH4GTQ7H,2023-09-02,Pending,29.6,,2023-09-10,
5023,01JSX07TEZ33282V3SHKYXF1A7,2023-09-02,Pending,297.84,,2023-09-05,
5082,01JSX07TSCG9YYQYFJ9NXY8604,2023-09-06,Shipped,205.44,2023-09-16,2023-09-09,240
5228,01JSX07TRXKD11807HMQ2EYJ3E,2023-09-14,Shipped,248.06,2023-09-17,2023-09-17,72
5069,01JSX07TW8ZZZ0T8XFVJJVMV00,2023-09-16,Shipped,362.77,2023-09-17,2023-09-17,24
5319,01JSX07TE3189TJ266CN288JFM,2023-09-17,Shipped,103.66,2023-09-18,2023-09-18,24
5469,01JSX07TS60CV44A8ST8VJTCDY,2023-09-19,Pending,479.31,,2023-09-22,
5112,01JSX07TQ9H793KVC509ETX6QK,2023-09-22,Shipped,73.3,2023-09-26,2023-09-26,96
5046,01JSX07TQB7XCCSBGHT9VJQ6AN,2023-09-23,Shipped,377.97,2023-09-28,2023-09-28,120
5086,01JSX07TF2T614P4V8C7P5N1NX,2023-09-29,Shipped,422.32,2023-10-06,2023-10-03,168
5293,01JSX07TTTXNGMSFTV0Y9Y8RTB,2023-09-30,Pending,315.44,,2023-10-03,
5211,01JSX07TQ1F82BKK66C04WWN6Z,2023-10-02,Shipped,62.64,2023-10-12,2023-10-04,240
5346,01JSX07TNQTABQ8FJ5VFKEPA2X,2023-10-04,Pending,479.4,,2023-10-08,
5493,01JSX07TE3189TJ266CN288JFM,2023-10-04,Shipped,486.7,2023-10-12,2023-10-07,192
5044,01JSX07TMQ6Z3E1QZ77QTGMCJE,2023-10-07,Shipped,86.52,2023-10-13,2023-10-10,144
5467,01JSX07TQB7XCCSBGHT9VJQ6AN,2023-10-10,Pending,425.72,,2023-10-18,
5107,01JSX07THSNVBVK630RXKBTWM5,2023-10-14,Shipped,278.01,2023-10-16,2023-10-16,48
5108,01JSX07TPFTJY2S20JZKJR9HVK,2023-10-15,Pending,86.73,,2023-10-21,
5390,01JSX07TM1XKXXP1F8FKZD3VWW,2023-10-19,Pending,158.81,,2023-10-23,
5212,01JSX07TND1TWRKC7PBBNY0VCR,2023-10-19,Pending,452.22,,2023-10-24,
5244,01JSX07TRV8SS4DDEP5FA4JXT3,2023-10-20,Pending,212.3,,2023-10-27,
5479,01JSX07TPNNPDTCGF9D8WHP439,2023-10-20,Pending,367.83,,2023-10-24,
5173,01JSX07TJ3MWGDQ3YV7ENGMZKB,2023-10-25,Pending,69.62,,2023-10-30,
5012,01JSX07TKAWDZ809H9EK943B8E,2023-10-27,Shipped,320.29,2023-10-29,2023-10-29,48
5026,01JSX07TJFW878TAM43HR8WGVP,2023-10-28,Shipped,266.74,2023-11-04,2023-11-04,168
5497,01JSX07TRV8SS4DDEP5FA4JXT3,2023-10-30,Shipped,429.2,2023-11-07,2023-11-05,192
5005,01JSX07TP50SJ7CA40ZXVWAKH2,2023-10-30,Shipped,255.95,2023-11-04,2023-11-04,120
5130,01JSX07TN1AQ5YZQEN16K49CKT,2023-10-30,Shipped,410.28,2023-11-02,2023-11-02,72
5063,01JSX07TNFENCK1J4SPJTNK6PS,2023-11-01,Shipped,42.12,2023-11-05,2023-11-04,96
5148,01JSX07TT9S409E17Q4D4PWW4K,2023-11-03,Shipped,383.33,2023-11-13,2023-11-05,240
5380,01JSX07TTQWKSCJJNQJ3EC83BN,2023-11-07,Shipped,442.98,2023-11-14,2023-11-11,168
5045,01JSX07TGYZM0BAA6DYGZSKAK8,2023-11-07,Shipped,140.72,2023-11-16,2023-11-11,216
5252,01JSX07TE3189TJ266CN288JFM,2023-11-09,Shipped,427.17,2023-11-12,2023-11-11,72
5240,01JSX07TPXKKQBHH27C201S9Q0,2023-11-09,Pending,180.33,,2023-11-14,
5322,01JSX07TW4SGXFS2RHKKHAXGDV,2023-11-10,Shipped,268.91,2023-11-12,2023-11-12,48
5413,01JSX07TTD7PR813VJAEARXV7R,2023-11-11,Shipped,59.83,2023-11-13,2023-11-13,48
5043,01JSX07TJ9WG4MS95MR1PJ6F81,2023-11-11,Shipped,409.9,2023-11-19,2023-11-15,192
5038,01JSX07TEZ33282V3SHKYXF1A7,2023-11-13,Shipped,404.46,2023-11-16,2023-11-16,72
5312,01JSX07TNFENCK1J4SPJTNK6PS,2023-11-13,Pending,461.24,,2023-11-19,
5048,01JSX07TE53XDYN6DB3EGVNT9G,2023-11-15,Shipped,145.85,2023-11-22,2023-11-22,168
5013,01JSX07TK61XRNC1NKAE7PZEYH,2023-11-18,Shipped,25.96,2023-11-19,2023-11-19,24
5392,01JSX07TRJ4DJHHA4ZVN6HA2SG,2023-11-19,Shipped,298.86,2023-11-25,2023-11-21,144
5349,01JSX07TENTDGXVJDH7J8KCTCF,2023-11-23,Pending,395.59,,2023-11-26,
5448,01JSX07TNVBHJAXXXAZXBDKRTF,2023-11-25,Pending,21.41,,2023-12-01,
5164,01JSX07TSKTCKPY01CP0S8P1YJ,2023-11-27,Pending,279.45,,2023-12-01,
5002,01JSX07TW8ZZZ0T8XFVJJVMV00,2023-12-05,Pending,258.44,,2023-12-10,
5303,01JSX07TPBWYQJ849V8TNDPPPM,2023-12-11,Shipped,426.86,2023-12-21,2023-12-13,240
5097,01JSX07TPNNPDTCGF9D8WHP439,2023-12-13,Pending,352.14,,2023-12-21,
5174,01JSX07TJ9WG4MS95MR1PJ6F81,2023-12-13,Shipped,390.67,2023-12-17,2023-12-17,96
5409,01JSX07TRSMSVETJAWRB1KTX27,2023-12-13,Shipped,236.81,2023-12-17,2023-12-17,96
5318,01JSX07TWFP0V7V1YV4EJGAD68,2023-12-14,Shipped,336.54,2023-12-16,2023-12-16,48
5235,01JSX07TN3HJDH4YQJ2882EXFH,2023-12-15,Shipped,190.57,2023-12-21,2023-12-21,144
5308,01JSX07TJKP32GSK8F95KNP6TH,2023-12-15,Shipped,468.48,2023-12-17,2023-12-17,48
5016,01JSX07TWA3P3XD38AK0B8AK6M,2023-12-15,Shipped,330.35,2023-12-16,2023-12-16,24
5072,01JSX07TQB7XCCSBGHT9VJQ6AN,2023-12-16,Pending,82.9,,2023-12-22,
5269,01JSX07TVSP9R4MTZ0R754N37Q,2023-12-19,Shipped,464.43,2023-12-26,2023-12-22,168
5059,01JSX07TREBVSPJMK2YJAPVP2P,2023-12-20,Shipped,32.93,2023-12-24,2023-12-24,96
5443,01JSX07TREBVSPJMK2YJAPVP2P,2023-12-22,Pending,254.58,,2023-12-24,
5401,01JSX07TPDQDMZHQS95JJ8RVNW,2023-12-27,Shipped,305.83,2023-12-31,2023-12-30,96
5283,01JSX07TW4SGXFS2RHKKHAXGDV,2024-01-02,Shipped,495.41,2024-01-07,2024-01-07,120
5216,01JSX07TMVPW8TD427SH4GTQ7H,2024-01-18,Pending,490.55,,2024-01-26,
5328,01JSX07TPV0PY4QSHVX8AS1MTW,2024-01-20,Shipped,445.86,2024-01-29,2024-01-24,216
5277,01JSX07TPSZ9QJAFDA1NFYSP3M,2024-01-23,Pending,311.42,,2024-01-26,
5085,01JSX07TKVKM6443VT7BJSNFH5,2024-01-25,Pending,409.6,,2024-02-01,
5188,01JSX07TKQ1MDPYJRBX6N5R5EB,2024-01-27,Shipped,407.51,2024-02-04,2024-02-01,192
5267,01JSX07TQ6WS2XKYH7369EN49E,2024-01-27,Shipped,327.41,2024-02-02,2024-02-02,144
5374,01JSX07TSPARG8PQ9E95CVNXRM,2024-01-29,Shipped,298.1,2024-02-08,2024-01-31,240
5487,01JSX07TREBVSPJMK2YJAPVP2P,2024-02-02,Shipped,181.48,2024-02-05,2024-02-05,72
5449,01JSX07TSPARG8PQ9E95CVNXRM,2024-02-06,Shipped,15.88,2024-02-10,2024-02-09,96
5378,01JSX07TTTXNGMSFTV0Y9Y8RTB,2024-02-08,Pending,499.44,,2024-02-12,
5332,01JSX07TJW5DRZA20N1TE07G1H,2024-02-12,Pending,331.49,,2024-02-14,
5265,01JSX07TF0F2CBMRQ0S6NMZ6BT,2024-02-16,Shipped,137.54,2024-02-18,2024-02-18,48
5215,01JSX07TEKFNTCCABE2D2YREQB,2024-02-18,Shipped,236.48,2024-02-22,2024-02-22,96
5386,01JSX07TSPARG8PQ9E95CVNXRM,2024-02-20,Shipped,35.93,2024-02-23,2024-02-23,72
5422,01JSX07TQG4QQFCYETP92HBKQZ,2024-02-20,Shipped,67.15,2024-02-22,2024-02-22,48
5382,01JSX07TKVKM6443VT7BJSNFH5,2024-02-22,Shipped,300.58,2024-02-24,2024-02-24,48
5179,01JSX07TN9HZBGY84GPZ73JJ70,2024-02-23,Shipped,341.89,2024-03-02,2024-02-26,192
5432,01JSX07TEKFNTCCABE2D2YREQB,2024-02-24,Shipped,208.39,2024-02-28,2024-02-28,96
5452,01JSX07TENTDGXVJDH7J8KCTCF,2024-02-27,Shipped,198.49,2024-03-04,2024-03-03,144
5391,01JSX07TJ7RA2FMQW74905CGA8,2024-03-01,Shipped,311.82,2024-03-05,2024-03-05,96
5381,01JSX07TJTSQ5J7PHZ5PC38913,2024-03-01,Shipped,176.25,2024-03-11,2024-03-06,240
5014,01JSX07TE53XDYN6DB3EGVNT9G,2024-03-03,Shipped,20.12,2024-03-04,2024-03-04,24
5202,01JSX07TGNSHZMF9TCTSZHNKXN,2024-03-04,Shipped,56.91,2024-03-06,2024-03-06,48
5035,01JSX07TEZ33282V3SHKYXF1A7,2024-03-04,Shipped,154.26,2024-03-10,2024-03-10,144
5111,01JSX07TQTJXR4793JDNP4VKS6,2024-03-06,Shipped,53.94,2024-03-09,2024-03-09,72
5234,01JSX07TE9PE3WNDJRTT10HCAN,2024-03-06,Pending,263.89,,2024-03-13,
5006,01JSX07TSX1WKGWTD3GTTR7RK5,2024-03-06,Pending,230.41,,2024-03-10,
5145,01JSX07TJM7C9S9337SQVHAP3J,2024-03-06,Shipped,419.47,2024-03-16,2024-03-10,240
5074,01JSX07TE3189TJ266CN288JFM,2024-03-15,Shipped,185.35,2024-03-21,2024-03-18,144
5041,01JSX07TJ13VZMVXJM55K1AMND,2024-03-16,Shipped,264.6,2024-03-19,2024-03-19,72
5140,01JSX07TEZ33282V3SHKYXF1A7,2024-03-16,Shipped,462.8,2024-03-24,2024-03-22,192
5003,01JSX07TKS1SNX4P9WMYY8Z84V,2024-03-17,Shipped,366.79,2024-03-19,2024-03-19,48
5417,01JSX07TS85J73E57GD23NR4T4,2024-03-19,Shipped,283.96,2024-03-28,2024-03-27,216
5431,01JSX07TVQ979AZXPVCJVX5FKG,2024-03-19,Shipped,373.85,2024-03-29,2024-03-24,240
5233,01JSX07TPK3K3FQWX3KN2DBYVW,2024-03-20,Shipped,159.89,2024-03-29,2024-03-26,216
5494,01JSX07TJPC3ZQ8AT3CKYSBY6H,2024-03-26,Shipped,296.72,2024-04-05,2024-03-29,240
5351,01JSX07TJRKF350CNV4PE904CQ,2024-03-30,Pending,182.78,,2024-04-04,
5287,01JSX07THH0QZ47VP7Y7XBDWCK,2024-04-03,Shipped,425.14,2024-04-13,2024-04-09,240
5263,01JSX07TDVTCJKFJKC1XD25GC0,2024-04-05,Shipped,298.22,2024-04-15,2024-04-09,240
5481,01JSX07TSVQQ2C83218FXKM965,2024-04-05,Shipped,40.98,2024-04-13,2024-04-12,192
5272,01JSX07TNFENCK1J4SPJTNK6PS,2024-04-06,Pending,466.48,,2024-04-12,
5454,01JSX07TQPG80RWDEA37RDV3NJ,2024-04-06,Pending,245.1,,2024-04-09,
5136,01JSX07TW8ZZZ0T8XFVJJVMV00,2024-04-08,Shipped,23.97,2024-04-18,2024-04-11,240
5249,01JSX07TJW5DRZA20N1TE07G1H,2024-04-08,Shipped,156.73,2024-04-11,2024-04-11,72
5156,01JSX07TW2KGDWBF90T9R6XY0Z,2024-04-09,Shipped,11.9,2024-04-13,2024-04-12,96
5343,01JSX07THVR87J8MH4A9PN254J,2024-04-14,Shipped,201.22,2024-04-17,2024-04-17,72
5446,01JSX07TMSE5AB7X7HFCMKEXJK,2024-04-15,Shipped,316.94,2024-04-19,2024-04-17,96
5326,01JSX07TENTDGXVJDH7J8KCTCF,2024-04-15,Shipped,224.72,2024-04-22,2024-04-22,168
5149,01JSX07TH42EAXGHPAMBFVFB2Q,2024-04-16,Shipped,45,2024-04-21,2024-04-21,120
5133,01JSX07THSNVBVK630RXKBTWM5,2024-04-17,Shipped,223.72,2024-04-25,2024-04-21,192
5101,01JSX07TSVQQ2C83218FXKM965,2024-04-19,Shipped,131.98,2024-04-25,2024-04-25,144
5460,01JSX07THB3D9GEMGWM6B2B1FV,2024-04-20,Shipped,131.44,2024-04-29,2024-04-26,216
5119,01JSX07TSKTCKPY01CP0S8P1YJ,2024-05-07,Shipped,132.76,2024-05-10,2024-05-10,72
5058,01JSX07TMX589K7G6FK252JAQX,2024-05-12,Pending,465.01,,2024-05-18,
5055,01JSX07TQ32KEBQ5PM1STY17N4,2024-05-16,Pending,79.4,,2024-05-22,
5468,01JSX07TH2RXQX5CZD0XSB47DN,2024-05-18,Shipped,344.63,2024-05-24,2024-05-23,144
5042,01JSX07TK43T2FYV2YSE5J5Q3P,2024-05-20,Shipped,392.51,2024-05-21,2024-05-21,24
5425,01JSX07TQB7XCCSBGHT9VJQ6AN,2024-05-22,Pending,280.65,,2024-05-28,
5320,01JSX07TPDQDMZHQS95JJ8RVNW,2024-05-25,Pending,154.79,,2024-05-31,
5463,01JSX07TMSE5AB7X7HFCMKEXJK,2024-05-28,Shipped,350.95,2024-06-05,2024-06-01,192
5280,01JSX07TS01RVS05QHF5BGYZ7D,2024-05-29,Shipped,435.21,2024-06-01,2024-06-01,72
5465,01JSX07TPBWYQJ849V8TNDPPPM,2024-05-31,Pending,259.79,,2024-06-07,
5076,01JSX07TJYF22MTY8EFTF9B1YX,2024-06-02,Shipped,495.61,2024-06-07,2024-06-07,120
5075,01JSX07TW6KDGSC5N6BF3Y68M9,2024-06-03,Pending,19.4,,2024-06-10,
5279,01JSX07TNQTABQ8FJ5VFKEPA2X,2024-06-05,Pending,131.78,,2024-06-12,
5492,01JSX07TQM89EQWW7VAM5153QB,2024-06-06,Pending,205.66,,2024-06-12,
5181,01JSX07TQ6WS2XKYH7369EN49E,2024-06-10,Shipped,10.77,2024-06-13,2024-06-13,72
5167,01JSX07TQPG80RWDEA37RDV3NJ,2024-06-10,Shipped,269.42,2024-06-15,2024-06-13,120
5288,01JSX07TJ7RA2FMQW74905CGA8,2024-06-10,Shipped,459.69,2024-06-18,2024-06-12,192
5131,01JSX07TWH7866KFZPV13WKK9T,2024-06-10,Shipped,372.96,2024-06-19,2024-06-17,216
5070,01JSX07TSVQQ2C83218FXKM965,2024-06-10,Shipped,252.64,2024-06-12,2024-06-12,48
5137,01JSX07TN3HJDH4YQJ2882EXFH,2024-06-12,Pending,469.45,,2024-06-15,
5007,01JSX07TMZDSC992A2MMT3RDVH,2024-06-13,Shipped,351.4,2024-06-20,2024-06-19,168
5175,01JSX07TEDE1ZZZPDM23318R2K,2024-06-19,Shipped,94.08,2024-06-20,2024-06-20,24
5408,01JSX07TGSJ8YP3470AQEPXKBY,2024-06-22,Shipped,300.17,2024-06-29,2024-06-28,168
5178,01JSX07TNSTFTY24QX8PVEC173,2024-06-24,Shipped,177.18,2024-07-02,2024-06-27,192
5158,01JSX07TSHJM27JZJV4ZCC14NN,2024-06-25,Shipped,466.52,2024-07-05,2024-06-28,240
5466,01JSX07TPV0PY4QSHVX8AS1MTW,2024-07-06,Shipped,476.27,2024-07-15,2024-07-09,216
5496,01JSX07TVNV83QWC5R6EK9FSJ7,2024-07-07,Pending,382.43,,2024-07-12,
5500,01JSX07TVNV83QWC5R6EK9FSJ7,2024-07-07,Shipped,388.19,2024-07-14,2024-07-14,168
5368,01JSX07TEPA0ZXGRXVZBJ9BFVY,2024-07-10,Shipped,195,2024-07-18,2024-07-13,192
5314,01JSX07THB3D9GEMGWM6B2B1FV,2024-07-12,Shipped,162.44,2024-07-19,2024-07-16,168
5049,01JSX07TWA3P3XD38AK0B8AK6M,2024-07-13,Shipped,83.62,2024-07-18,2024-07-18,120
5029,01JSX07TWA3P3XD38AK0B8AK6M,2024-07-13,Shipped,292.22,2024-07-23,2024-07-17,240
5311,01JSX07TKS1SNX4P9WMYY8Z84V,2024-07-21,Shipped,192.01,2024-07-30,2024-07-25,216
5187,01JSX07TVXX40MKJFWGP2V3YM2,2024-07-23,Shipped,274.77,2024-07-28,2024-07-26,120
5354,01JSX07TRNZ36SA53RR5DVPPZB,2024-07-25,Pending,323.66,,2024-07-29,
5115,01JSX07TV1GTDMC5S41VHRK1P5,2024-07-25,Shipped,382.58,2024-07-27,2024-07-27,48
5251,01JSX07TMFWSZ0P12E1DHXAY11,2024-07-28,Shipped,56.55,2024-08-02,2024-08-02,120
5472,01JSX07TWD26QGAW8MS7YR9J69,2024-07-31,Shipped,453.37,2024-08-07,2024-08-04,168
5087,01JSX07TQ7HYWGFJ3J2QBVSNRH,2024-08-02,Shipped,23.15,2024-08-09,2024-08-06,168
5032,01JSX07TWSVJXJGNXAES77EXTB,2024-08-06,Shipped,311.88,2024-08-13,2024-08-13,168
5193,01JSX07TKNBFDQC9CW5P9MJ4MQ,2024-08-13,Pending,249.4,,2024-08-21,
5197,01JSX07TQ32KEBQ5PM1STY17N4,2024-08-15,Shipped,50.87,2024-08-24,2024-08-17,216
5447,01JSX07TSHJM27JZJV4ZCC14NN,2024-08-15,Shipped,151.65,2024-08-18,2024-08-17,72
5464,01JSX07TQB7XCCSBGHT9VJQ6AN,2024-08-15,Shipped,219.54,2024-08-18,2024-08-18,72
5118,01JSX07TPV0PY4QSHVX8AS1MTW,2024-08-16,Shipped,140.87,2024-08-18,2024-08-18,48
5321,01JSX07TWA3P3XD38AK0B8AK6M,2024-08-17,Shipped,115.94,2024-08-26,2024-08-20,216
5227,01JSX07THSNVBVK630RXKBTWM5,2024-08-24,Shipped,481.22,2024-09-01,2024-08-28,192
5300,01JSX07TN9HZBGY84GPZ73JJ70,2024-08-27,Pending,354.46,,2024-08-30,
5151,01JSX07TM5E7REWKNAQQX8F1D9,2024-08-28,Shipped,478.97,2024-09-06,2024-09-05,216
5439,01JSX07THSNVBVK630RXKBTWM5,2024-08-29,Pending,91.89,,2024-09-02,
5400,01JSX07TMSE5AB7X7HFCMKEXJK,2024-08-31,Shipped,143.54,2024-09-08,2024-09-03,192
5451,01JSX07TPNNPDTCGF9D8WHP439,2024-08-31,Shipped,34.3,2024-09-05,2024-09-02,120
5256,01JSX07THFACX9V01ARH09974T,2024-08-31,Shipped,120.77,2024-09-04,2024-09-04,96
5434,01JSX07TPBWYQJ849V8TNDPPPM,2024-09-01,Shipped,62.77,2024-09-03,2024-09-03,48
5217,01JSX07TDVTCJKFJKC1XD25GC0,2024-09-02,Shipped,269.65,2024-09-08,2024-09-08,144
5141,01JSX07TK8SEKVPHDZHA77H872,2024-09-07,Pending,137.71,,2024-09-13,
5138,01JSX07TVSP9R4MTZ0R754N37Q,2024-09-13,Shipped,184.95,2024-09-14,2024-09-14,24
5309,01JSX07TPDQDMZHQS95JJ8RVNW,2024-09-13,Pending,416.41,,2024-09-16,
5110,01JSX07TPDQDMZHQS95JJ8RVNW,2024-09-21,Shipped,25.38,2024-09-24,2024-09-24,72
5124,01JSX07TEZ33282V3SHKYXF1A7,2024-09-27,Shipped,334.9,2024-10-03,2024-10-01,144
5105,01JSX07TK2ATV3KE0BVN5304HR,2024-10-01,Shipped,117.32,2024-10-07,2024-10-05,144
5357,01JSX07TDVTCJKFJKC1XD25GC0,2024-10-01,Shipped,477.87,2024-10-05,2024-10-05,96
5025,01JSX07TKXZ66R84PM2XE15D2D,2024-10-02,Shipped,187.06,2024-10-05,2024-10-05,72
5444,01JSX07TQB7XCCSBGHT9VJQ6AN,2024-10-02,Pending,172.3,,2024-10-09,
5366,01JSX07TKQ1MDPYJRBX6N5R5EB,2024-10-05,Shipped,36.57,2024-10-13,2024-10-07,192
5470,01JSX07TVSP9R4MTZ0R754N37Q,2024-10-07,Pending,54.26,,2024-10-15,
5334,01JSX07TKVKM6443VT7BJSNFH5,2024-10-09,Shipped,349.46,2024-10-19,2024-10-12,240
5242,01JSX07TP50SJ7CA40ZXVWAKH2,2024-10-10,Shipped,324.38,2024-10-19,2024-10-16,216
5121,01JSX07TV1GTDMC5S41VHRK1P5,2024-10-12,Shipped,478.61,2024-10-14,2024-10-14,48
5348,01JSX07TNZTG15MXVPPSSH1VXG,2024-10-14,Pending,114.58,,2024-10-20,
5261,01JSX07TSX1WKGWTD3GTTR7RK5,2024-10-15,Shipped,480.89,2024-10-21,2024-10-17,144
5090,01JSX07THB3D9GEMGWM6B2B1FV,2024-10-17,Shipped,389.1,2024-10-23,2024-10-19,144
5393,01JSX07TWA3P3XD38AK0B8AK6M,2024-10-24,Pending,132.05,,2024-10-30,
5241,01JSX07TESVDKHQWQWRD5HT6N5,2024-10-25,Shipped,21.55,2024-11-03,2024-10-31,216
5081,01JSX07TJ13VZMVXJM55K1AMND,2024-10-26,Shipped,179.04,2024-10-27,2024-10-27,24
5441,01JSX07TQ6WS2XKYH7369EN49E,2024-10-28,Pending,488,,2024-10-30,
5068,01JSX07TNFENCK1J4SPJTNK6PS,2024-11-04,Pending,372.27,,2024-11-08,
5282,01JSX07TP7SJ9XV985CH0M00RX,2024-11-11,Shipped,439.42,2024-11-20,2024-11-16,216
5438,01JSX07TE738XFDWC21WYGA67V,2024-11-12,Shipped,375.63,2024-11-14,2024-11-14,48
5144,01JSX07TW8ZZZ0T8XFVJJVMV00,2024-11-14,Pending,217.54,,2024-11-18,
5363,01JSX07TPV0PY4QSHVX8AS1MTW,2024-11-16,Shipped,289.05,2024-11-19,2024-11-19,72
5161,01JSX07TE53XDYN6DB3EGVNT9G,2024-11-16,Shipped,427.48,2024-11-18,2024-11-18,48
5435,01JSX07TF2T614P4V8C7P5N1NX,2024-11-16,Shipped,146.26,2024-11-22,2024-11-20,144
5083,01JSX07TNZTG15MXVPPSSH1VXG,2024-11-16,Shipped,32.41,2024-11-23,2024-11-18,168
5317,01JSX07TQ6WS2XKYH7369EN49E,2024-11-16,Pending,75.94,,2024-11-24,
5198,01JSX07TGSJ8YP3470AQEPXKBY,2024-11-17,Pending,262.13,,2024-11-19,
5433,01JSX07TREBVSPJMK2YJAPVP2P,2024-11-18,Pending,457.3,,2024-11-26,
5022,01JSX07TSPARG8PQ9E95CVNXRM,2024-11-20,Pending,241.38,,2024-11-24,
5237,01JSX07TQ1F82BKK66C04WWN6Z,2024-11-21,Shipped,77.97,2024-11-30,2024-11-24,216
5190,01JSX07THKSMAZ14BH33M1NMCK,2024-11-22,Shipped,499.68,2024-11-23,2024-11-23,24
5117,01JSX07TKS1SNX4P9WMYY8Z84V,2024-11-23,Shipped,474.18,2024-11-30,2024-11-26,168
5222,01JSX07TRSMSVETJAWRB1KTX27,2024-11-30,Shipped,281.6,2024-12-04,2024-12-04,96
5001,01JSX07TPFTJY2S20JZKJR9HVK,2024-12-02,Pending,224.08,,2024-12-05,
5330,01JSX07TT26QR7XP8Y2ZC6V17N,2024-12-02,Shipped,337.57,2024-12-06,2024-12-06,96
5184,01JSX07THSNVBVK630RXKBTWM5,2024-12-03,Shipped,344.57,2024-12-08,2024-12-08,120
5224,01JSX07TEKFNTCCABE2D2YREQB,2024-12-07,Shipped,202.39,2024-12-17,2024-12-10,240
5353,01JSX07TK2ATV3KE0BVN5304HR,2024-12-09,Shipped,302.63,2024-12-10,2024-12-10,24
5061,01JSX07TMNSSSPRK262R9HEZJD,2024-12-10,Shipped,164.6,2024-12-12,2024-12-12,48
5313,01JSX07TT9S409E17Q4D4PWW4K,2024-12-10,Shipped,300.98,2024-12-20,2024-12-12,240
5338,01JSX07TK2ATV3KE0BVN5304HR,2024-12-18,Pending,220.52,,2024-12-25,
5019,01JSX07TSPARG8PQ9E95CVNXRM,2024-12-19,Pending,41.52,,2024-12-22,
5067,01JSX07TSX1WKGWTD3GTTR7RK5,2024-12-20,Shipped,44.93,2024-12-27,2024-12-27,168
5394,01JSX07TRV8SS4DDEP5FA4JXT3,2024-12-22,Shipped,332.92,2024-12-31,2024-12-27,216
5416,01JSX07TEDE1ZZZPDM23318R2K,2024-12-24,Shipped,366.58,2025-01-03,2024-12-27,240
5299,01JSX07TE738XFDWC21WYGA67V,2024-12-27,Pending,267.95,,2024-12-29,
5102,01JSX07TGYZM0BAA6DYGZSKAK8,2024-12-29,Pending,448.36,,2025-01-02,
5383,01JSX07TMSE5AB7X7HFCMKEXJK,2024-12-29,Shipped,51.19,2025-01-06,2025-01-03,192
5205,01JSX07TNFENCK1J4SPJTNK6PS,2024-12-30,Shipped,438.43,2025-01-04,2025-01-04,120
5281,01JSX07TE3189TJ266CN288JFM,2024-12-31,Shipped,346.69,2025-01-01,2025-01-01,24
5405,01JSX07TF2T614P4V8C7P5N1NX,2024-12-31,Shipped,248.68,2025-01-07,2025-01-02,168